round,phase,num_labeled_nodes,accuracy
0,TEST,7,0.31578946113586426
1,TEST,14,0.5789473652839661
2,TEST,21,0.5789473652839661
3,TEST,28,0.5789473652839661
4,TEST,35,0.4736842215061188
5,TEST,42,0.5263158082962036
6,TEST,49,0.5789473652839661
7,TEST,56,0.6842105388641357
8,TEST,63,0.6842105388641357
9,TEST,70,0.7368420958518982
