round,phase,num_labeled_nodes,accuracy
0,TEST,7,0.42105263471603394
1,TEST,14,0.31578946113586426
2,TEST,21,0.4736842215061188
3,TEST,28,0.4736842215061188
4,TEST,35,0.5789473652839661
5,TEST,42,0.6315789222717285
6,TEST,49,0.7368420958518982
7,TEST,56,0.6315789222717285
8,TEST,63,0.6842105388641357
9,TEST,70,0.6315789222717285
