round,phase,num_labeled_nodes,accuracy
0,TEST,7,0.42105263471603394
1,TEST,14,0.7894737124443054
2,TEST,21,0.7368420958518982
3,TEST,28,0.8421052694320679
4,TEST,35,0.8947368264198303
