round,phase,num_labeled_nodes,accuracy
0,TEST,7,0.21052631735801697
1,TEST,14,0.2631579041481018
2,TEST,21,0.42105263471603394
3,TEST,28,0.4736842215061188
4,TEST,35,0.4736842215061188
