round,phase,num_labeled_nodes,accuracy
0,TEST,7,0.31578946113586426
1,TEST,14,0.6315789222717285
2,TEST,21,0.5263158082962036
3,TEST,28,0.6315789222717285
4,TEST,35,0.6842105388641357
5,TEST,42,0.6842105388641357
6,TEST,49,0.6315789222717285
7,TEST,56,0.6842105388641357
8,TEST,63,0.6842105388641357
9,TEST,70,0.6842105388641357
